City_ID,City,Country,Date,Lat,Lng,Max Temp,Humidity,Cloudiness,Wind Speed
0,Carnarvon,AU,2021-12-19 20:04:46,-24.8667,113.6333,71.67,78,0,17.27
1,Qaanaaq,GL,2021-12-19 20:04:47,77.484,-69.3632,14.79,69,65,8.55
2,Vaini,TO,2021-12-19 20:04:47,-21.2,-175.2,84.36,84,40,12.66
3,Punta Arenas,CL,2021-12-19 20:04:47,-53.15,-70.9167,50.11,57,40,29.93
4,Sakakah,SA,2021-12-19 20:04:48,29.9697,40.2064,55.18,52,100,7.23
5,Albany,US,2021-12-19 20:04:48,42.6001,-73.9662,30.33,72,63,10.0
6,Chuy,UY,2021-12-19 20:04:49,-33.6971,-53.4616,76.21,60,11,15.88
7,Broome,US,2021-12-19 20:04:49,42.2506,-75.833,29.62,76,90,4.0
8,Ribeira Grande,PT,2021-12-19 20:04:49,38.5167,-28.7,59.4,63,75,8.05
9,Darnah,LY,2021-12-19 20:04:50,32.767,22.6367,52.3,63,88,22.19
10,Hilo,US,2021-12-19 20:04:18,19.7297,-155.09,75.27,40,90,0.0
11,Rikitea,PF,2021-12-19 20:04:50,-23.1203,-134.9692,74.12,84,100,17.45
12,Karema,TZ,2021-12-19 20:04:51,-6.8205,30.4389,71.28,78,84,5.75
13,College,US,2021-12-19 20:04:51,64.8569,-147.8028,18.23,87,90,3.44
14,Cherskiy,RU,2021-12-19 20:04:51,68.75,161.3,-18.67,98,100,20.04
15,Chokurdakh,RU,2021-12-19 20:04:52,70.6333,147.9167,-15.74,98,100,10.92
16,Hermanus,ZA,2021-12-19 20:04:52,-34.4187,19.2345,74.89,77,100,11.83
17,Dongsheng,CN,2021-12-19 20:02:31,39.8161,109.9776,23.04,43,0,14.54
18,Vilyuysk,RU,2021-12-19 20:04:52,63.7553,121.6247,-32.85,96,100,6.69
19,Olafsvik,IS,2021-12-19 20:04:53,64.8945,-23.7142,43.2,85,100,2.33
20,Port Alfred,ZA,2021-12-19 20:04:53,-33.5906,26.891,69.71,85,28,20.04
21,Busselton,AU,2021-12-19 20:04:53,-33.65,115.3333,53.1,89,60,8.37
22,Cape Town,ZA,2021-12-19 20:04:54,-33.9258,18.4232,75.11,73,100,1.99
23,Miracema Do Tocantins,BR,2021-12-19 20:04:54,-9.5618,-48.3967,74.25,98,100,2.59
24,Mataura,NZ,2021-12-19 20:04:55,-46.1927,168.8643,71.47,42,100,11.14
25,Hualmay,PE,2021-12-19 20:04:55,-11.0964,-77.6139,73.0,70,26,11.01
26,Faya,SA,2021-12-19 20:04:55,18.3851,42.4509,55.92,67,2,2.13
27,San Rafael,AR,2021-12-19 20:04:56,-34.6177,-68.3301,92.23,28,0,7.36
28,Longyearbyen,SJ,2021-12-19 20:01:13,78.2186,15.6401,26.44,86,75,12.66
29,Butaritari,KI,2021-12-19 20:04:56,3.0707,172.7902,82.04,74,100,17.69
30,Sao Filipe,CV,2021-12-19 20:04:57,14.8961,-24.4956,72.19,82,100,9.78
31,Imeni Poliny Osipenko,RU,2021-12-19 20:04:57,52.4201,136.4853,-25.06,100,100,0.96
32,Kautokeino,NO,2021-12-19 20:04:57,69.0125,23.0412,0.99,99,28,6.13
33,Hobart,AU,2021-12-19 20:00:04,-42.8794,147.3294,58.26,59,20,1.01
34,Mar Del Plata,AR,2021-12-19 20:04:58,-38.0023,-57.5575,70.88,86,3,3.0
35,Yamandu,SL,2021-12-19 20:04:58,7.9362,-11.4928,79.03,61,6,3.87
36,Goure,NE,2021-12-19 20:04:58,13.9835,10.2704,67.01,23,7,10.27
37,Geraldton,AU,2021-12-19 20:04:59,-28.7667,114.6,57.61,88,0,6.91
38,Bredasdorp,ZA,2021-12-19 20:04:59,-34.5322,20.0403,66.27,90,64,13.65
39,Praia,CV,2021-12-19 20:05:00,14.9215,-23.5087,72.14,83,90,9.22
40,Panguipulli,CL,2021-12-19 20:00:48,-39.6333,-72.3333,82.18,27,0,6.22
41,Port Elizabeth,ZA,2021-12-19 20:05:00,-33.918,25.5701,68.09,87,29,16.31
42,Puerto Ayora,EC,2021-12-19 20:05:00,-0.7393,-90.3518,76.96,85,100,8.32
43,Kapaa,US,2021-12-19 20:05:01,22.0752,-159.319,79.12,74,40,5.99
44,Lavumisa,SZ,2021-12-19 20:05:01,-27.31,31.892,65.88,86,100,1.52
45,Whitefish,US,2021-12-19 20:00:07,48.4111,-114.3376,37.11,87,100,5.19
46,Yumen,CN,2021-12-19 20:06:02,40.2833,97.2,25.75,24,0,15.93
47,Lebu,CL,2021-12-19 20:06:02,-37.6167,-73.65,62.22,78,16,15.68
48,East London,ZA,2021-12-19 20:06:02,-33.0153,27.9116,69.93,83,78,18.1
49,Provideniya,RU,2021-12-19 20:06:03,64.3833,-173.3,33.91,100,90,22.37
50,Hami,CN,2021-12-19 20:06:03,42.8,93.45,23.34,50,9,0.74
51,Viedma,AR,2021-12-19 20:06:03,-40.8135,-62.9967,91.22,16,0,12.8
52,Fortuna,US,2021-12-19 20:06:04,40.5982,-124.1573,55.98,62,90,10.0
53,Shingu,JP,2021-12-19 20:06:04,33.7333,135.9833,46.9,75,7,7.02
54,Puerto Colombia,CO,2021-12-19 20:03:08,10.9878,-74.9547,86.09,76,58,18.21
55,Bluff,NZ,2021-12-19 20:06:04,-46.6,168.3333,71.8,53,100,27.85
56,Springdale,US,2021-12-19 20:06:05,36.1867,-94.1288,41.29,66,1,4.0
57,Rio Grande,BR,2021-12-19 20:06:05,-32.035,-52.0986,80.71,66,0,19.66
58,Taungdwingyi,MM,2021-12-19 20:06:05,20.0167,95.55,64.78,78,0,2.13
59,Nikolskoye,RU,2021-12-19 20:06:06,59.7035,30.7861,23.4,92,100,12.35
60,Pangnirtung,CA,2021-12-19 20:06:06,66.1451,-65.7125,8.26,92,100,2.93
61,Avarua,CK,2021-12-19 20:04:10,-21.2078,-159.775,82.45,69,40,9.22
62,Padang,ID,2021-12-19 20:06:07,-0.9492,100.3543,76.6,87,100,3.02
63,Namibe,AO,2021-12-19 20:06:07,-15.1961,12.1522,70.61,69,97,8.77
64,Kruisfontein,ZA,2021-12-19 20:06:08,-34.0033,24.7314,65.88,85,69,13.53
65,Bonito,BR,2021-12-19 20:06:08,-21.1211,-56.4819,79.88,80,100,4.29
66,Salalah,OM,2021-12-19 20:06:08,17.0151,54.0924,77.09,65,40,4.61
67,Fare,PF,2021-12-19 20:06:09,-16.7,-151.0167,79.43,78,71,9.04
68,Sovetskiy,RU,2021-12-19 20:06:09,61.3614,63.5842,1.8,95,100,9.86
69,Djambala,CG,2021-12-19 20:06:10,-2.5447,14.7533,74.62,73,100,1.52
70,Georgetown,MY,2021-12-19 20:06:10,5.4112,100.3354,78.73,85,20,3.44
71,Katsuura,JP,2021-12-19 20:06:10,35.1333,140.3,37.51,56,0,9.53
72,Acapulco,MX,2021-12-19 20:02:57,16.8634,-99.8901,85.82,70,75,6.91
73,Barrow,US,2021-12-19 20:06:11,71.2906,-156.7887,-2.18,71,90,21.85
74,Ushuaia,AR,2021-12-19 20:05:42,-54.8,-68.3,42.04,68,72,21.9
75,Honningsvag,NO,2021-12-19 20:06:11,70.9821,25.9704,28.71,71,100,12.28
76,Saskylakh,RU,2021-12-19 20:06:12,71.9167,114.0833,-9.72,97,100,10.85
77,Cabo San Lucas,MX,2021-12-19 20:03:57,22.8909,-109.9124,78.51,65,40,1.99
78,Kashi,CN,2021-12-19 20:06:12,39.4547,75.9797,22.15,61,57,2.17
79,Tasiilaq,GL,2021-12-19 20:06:13,65.6145,-37.6368,28.56,76,92,10.42
80,Jamestown,US,2021-12-19 20:06:13,42.097,-79.2353,31.32,75,75,3.0
81,Vyshkov,RU,2021-12-19 20:06:13,52.4764,31.6873,31.19,93,100,11.59
82,Mackenzie,CA,2021-12-19 20:05:53,55.2999,-123.1698,1.62,85,75,5.75
83,Prado,BR,2021-12-19 20:06:14,-17.3411,-39.2208,75.76,89,100,6.11
84,Kieta,PG,2021-12-19 20:06:14,-6.2167,155.6333,79.52,85,37,0.29
85,Crotone,IT,2021-12-19 20:06:15,39.0851,17.1178,43.93,62,8,7.4
86,Atuona,PF,2021-12-19 20:06:15,-9.8,-139.0333,77.7,74,1,14.41
87,Yulara,AU,2021-12-19 20:06:15,-25.2406,130.9889,73.24,31,0,8.05
88,Bethel,US,2021-12-19 20:06:16,41.3712,-73.414,37.99,62,1,1.99
89,Harper,LR,2021-12-19 20:06:16,4.375,-7.7169,80.74,78,52,10.16
90,Kenai,US,2021-12-19 20:07:17,60.5544,-151.2583,19.49,100,90,8.05
91,Bubaque,GW,2021-12-19 20:07:17,11.2833,-15.8333,81.14,67,51,13.38
92,Oyama,JP,2021-12-19 20:07:18,36.3,139.8,40.59,68,7,2.26
93,Hatillo,PR,2021-12-19 20:07:18,18.4863,-66.8254,84.85,81,38,5.01
94,Kavieng,PG,2021-12-19 20:07:18,-2.5744,150.7967,81.18,76,89,2.24
95,Daru,PG,2021-12-19 20:07:19,-9.0763,143.2092,79.09,83,100,5.93
96,Santa Maria,BR,2021-12-19 20:03:41,-29.6842,-53.8069,95.52,33,0,10.04
97,Atar,MR,2021-12-19 20:07:19,20.5169,-13.0499,73.4,44,100,13.91
98,Tessalit,ML,2021-12-19 20:07:19,20.1986,1.0114,69.21,18,3,10.38
99,Kununurra,AU,2021-12-19 20:07:20,-15.7667,128.7333,84.18,74,100,2.3
100,Thompson,CA,2021-12-19 20:04:19,55.7435,-97.8558,2.05,95,100,6.46
101,Kaitangata,NZ,2021-12-19 20:07:20,-46.2817,169.8464,62.6,64,100,4.65
102,Nuuk,GL,2021-12-19 20:07:20,64.1835,-51.7216,45.21,49,90,17.27
103,Makubetsu,JP,2021-12-19 20:07:21,45.3714,141.8211,22.05,91,100,2.17
104,Sao Felix Do Xingu,BR,2021-12-19 20:07:21,-6.6447,-51.995,76.05,95,100,1.16
105,Poum,NC,2021-12-19 20:07:21,-20.2333,164.0167,79.25,75,41,1.81
106,Victoria,HK,2021-12-19 20:06:04,22.2855,114.1577,68.25,55,100,11.01
107,Koszalin,PL,2021-12-19 20:07:22,54.1944,16.1722,40.68,66,17,16.44
108,Inhambane,MZ,2021-12-19 20:07:22,-23.865,35.3833,72.48,76,100,6.44
109,Petatlan,MX,2021-12-19 20:07:23,17.5167,-101.2667,89.4,54,86,7.09
110,Nikolayevka,RU,2021-12-19 20:07:23,53.1257,47.2041,26.96,92,100,16.73
111,Batsfjord,NO,2021-12-19 20:07:23,70.6345,29.7185,26.6,86,75,2.3
112,Upernavik,GL,2021-12-19 20:07:24,72.7868,-56.1549,27.77,87,100,4.81
113,Mogadishu,SO,2021-12-19 20:05:19,2.0371,45.3438,79.59,86,78,19.08
114,Nova Olimpia,BR,2021-12-19 20:07:24,-14.7972,-57.2881,82.53,86,100,2.82
115,Panama City,PA,2021-12-19 20:02:55,8.9936,-79.5197,84.15,84,40,10.36
116,Khanpur,PK,2021-12-19 20:07:25,28.6453,70.6567,56.39,15,1,4.21
117,Port Lincoln,AU,2021-12-19 20:07:25,-34.7333,135.8667,55.6,76,14,6.42
118,Leningradskiy,RU,2021-12-19 20:07:26,69.3833,178.4167,-1.53,89,100,4.03
119,Hithadhoo,MV,2021-12-19 20:07:26,-0.6,73.0833,82.06,72,66,3.38
120,Cidreira,BR,2021-12-19 20:07:26,-30.1811,-50.2056,73.22,70,0,23.29
121,Dvinskoy,RU,2021-12-19 20:07:27,62.1535,45.1175,3.38,94,100,7.76
122,Ilulissat,GL,2021-12-19 20:07:28,69.2167,-51.1,35.62,44,100,10.36
123,Bolobo,CD,2021-12-19 20:07:28,-2.1667,16.2333,76.96,74,100,2.64
124,Tuatapere,NZ,2021-12-19 20:07:28,-46.1333,167.6833,71.82,56,79,12.1
125,Rawson,AR,2021-12-19 20:07:28,-43.3002,-65.1023,80.89,39,20,21.85
126,Makakilo City,US,2021-12-19 20:03:16,21.3469,-158.0858,77.32,75,40,10.36
127,Ahuimanu,US,2021-12-19 20:07:29,21.4447,-157.8378,78.51,80,75,16.11
128,Tiksi,RU,2021-12-19 20:07:29,71.6872,128.8694,-18.9,100,100,5.46
129,Yellowknife,CA,2021-12-19 20:07:30,62.456,-114.3525,-13.72,85,84,5.99
130,Shimanovsk,RU,2021-12-19 20:07:30,52.0,127.7,-6.93,97,100,5.08
131,Biak,ID,2021-12-19 20:07:30,-0.9131,122.8766,76.39,85,90,3.6
132,Talnakh,RU,2021-12-19 20:07:31,69.4865,88.3972,-33.32,95,57,2.93
133,Gurkovo,BG,2021-12-19 20:07:31,42.6667,25.8,34.97,76,71,2.06
134,Matara,LK,2021-12-19 20:07:32,5.9485,80.5353,76.3,87,68,3.74
135,Iquique,CL,2021-12-19 20:08:32,-20.2208,-70.1431,69.84,75,81,2.51
136,Doha,QA,2021-12-19 20:08:33,25.2867,51.5333,73.38,73,0,8.05
137,Quirinopolis,BR,2021-12-19 20:08:33,-18.4483,-50.4517,81.59,71,71,5.95
138,Adrar,MR,2021-12-19 20:08:33,20.5022,-10.0711,73.13,31,100,15.73
139,Dubai,AE,2021-12-19 20:08:25,25.2582,55.3047,73.33,56,0,2.3
140,San Vicente,AR,2021-12-19 20:08:34,-26.6167,-54.1333,91.9,34,42,4.63
141,Ostrovnoy,RU,2021-12-19 20:08:34,68.0531,39.5131,20.17,92,100,10.47
142,Kropotkin,RU,2021-12-19 20:08:35,45.4375,40.5756,37.08,76,9,13.67
143,Chepareria,KE,2021-12-19 20:08:35,1.3077,35.2039,64.13,81,100,4.03
144,Requena,ES,2021-12-19 20:08:35,39.4883,-1.1004,45.14,74,98,1.48
145,Sinnamary,GF,2021-12-19 20:08:36,5.3833,-52.95,81.72,75,45,8.97
146,Bambous Virieux,MU,2021-12-19 20:08:36,-20.3428,57.7575,80.22,83,40,5.75
147,Kodiak,US,2021-12-19 20:03:49,57.79,-152.4072,27.91,86,1,0.0
148,Dikson,RU,2021-12-19 20:08:37,73.5069,80.5464,-27.67,98,97,1.83
149,Bauta,CU,2021-12-19 20:08:38,22.9828,-82.5464,85.89,58,40,4.61
150,Corn Island,NI,2021-12-19 20:08:38,12.1694,-83.0418,80.76,80,19,17.52
151,Mackay,AU,2021-12-19 20:08:39,-21.15,149.2,74.05,71,38,7.05
152,Tashtyp,RU,2021-12-19 20:08:39,52.7939,89.8983,16.38,98,100,2.3
153,Chizhou,CN,2021-12-19 20:08:40,30.6578,117.4831,43.88,45,51,3.87
154,Balaipungut,ID,2021-12-19 20:08:40,1.05,101.2833,73.38,97,100,1.95
155,Vardo,NO,2021-12-19 20:08:41,70.3705,31.1107,26.58,80,75,14.97
156,Saint-Pierre,RE,2021-12-19 20:08:41,-21.3393,55.4781,80.28,66,90,2.3
157,Bontang,ID,2021-12-19 20:08:41,0.1333,117.5,76.87,87,100,4.61
158,Kodinsk,RU,2021-12-19 20:08:42,58.6881,99.1844,-37.75,100,40,0.74
159,Waingapu,ID,2021-12-19 20:08:42,-9.6567,120.2641,79.79,84,100,4.72
160,Norman Wells,CA,2021-12-19 20:08:43,65.282,-126.8329,2.14,98,100,2.1
161,Praya,CV,2021-12-19 20:07:49,14.9215,-23.5087,72.14,83,90,9.22
162,Esperance,AU,2021-12-19 20:08:43,-33.8667,121.9,58.44,69,0,2.37
163,Pevek,RU,2021-12-19 20:08:43,69.7008,170.3133,-8.88,98,100,7.23
164,Mandera,KE,2021-12-19 20:08:44,3.9366,41.867,85.71,43,11,8.1
165,Fairbanks,US,2021-12-19 20:08:44,64.8378,-147.7164,17.6,87,90,3.44
166,Cockburn Town,TC,2021-12-19 20:08:44,21.4612,-71.1419,79.12,71,80,16.69
167,New Norfolk,AU,2021-12-19 20:08:45,-42.7826,147.0587,56.7,60,97,4.0
168,Saint-Philippe,RE,2021-12-19 20:08:45,-21.3585,55.7679,80.19,80,100,2.66
169,Quesnel,CA,2021-12-19 20:07:10,52.9999,-122.5029,7.05,92,96,0.65
170,Flinders,AU,2021-12-19 20:08:46,-34.5833,150.8552,70.21,86,97,6.08
171,Estelle,US,2021-12-19 20:08:46,29.8458,-90.1067,55.4,85,90,8.99
172,Sitka,US,2021-12-19 20:08:46,57.0531,-135.33,30.09,80,1,8.05
173,Hasaki,JP,2021-12-19 20:08:47,35.7333,140.8333,28.8,54,7,10.47
174,Homer,US,2021-12-19 20:08:47,59.6425,-151.5483,28.29,93,90,3.44
175,Proletariy,RU,2021-12-19 20:08:48,58.4342,31.7046,20.7,91,100,11.36
176,Bilibino,RU,2021-12-19 20:08:48,68.0546,166.4372,-25.26,100,100,6.04
177,Bengkulu,ID,2021-12-19 20:08:48,-3.8004,102.2655,74.77,95,100,5.44
178,Sobolevo,RU,2021-12-19 20:08:49,54.4299,31.8996,29.17,93,98,14.07
179,Lindi,TZ,2021-12-19 20:08:49,-10.0,39.7167,76.71,91,100,2.39
180,Lasa,IT,2021-12-19 20:08:49,46.6166,10.7002,37.36,56,1,6.62
181,Agadez,NE,2021-12-19 20:09:50,19.75,10.25,60.51,26,0,7.11
182,Egvekinot,RU,2021-12-19 20:09:50,66.3167,-179.1667,22.84,97,100,16.67
183,Klerksdorp,ZA,2021-12-19 20:09:51,-26.8521,26.6667,60.66,80,70,5.73
184,Batemans Bay,AU,2021-12-19 20:09:51,-35.7167,150.1833,65.1,82,97,5.3
185,Cabedelo,BR,2021-12-19 20:09:51,-6.9811,-34.8339,83.07,71,79,11.14
186,Cayenne,GF,2021-12-19 20:09:52,4.9333,-52.3333,84.24,81,40,3.0
187,Birao,CF,2021-12-19 20:09:52,10.2849,22.7882,72.73,27,5,6.71
188,Jacksonville,US,2021-12-19 20:09:13,30.3322,-81.6556,80.82,78,75,1.01
189,Iqaluit,CA,2021-12-19 20:09:53,63.7506,-68.5145,-3.69,97,100,4.54
190,Arraial Do Cabo,BR,2021-12-19 20:09:53,-22.9661,-42.0278,76.86,69,40,8.05
191,Narsaq,GL,2021-12-19 20:09:53,60.9167,-46.05,39.7,45,100,26.82
192,Acarau,BR,2021-12-19 20:09:04,-2.8856,-40.12,83.43,66,94,16.69
193,Sur,OM,2021-12-19 20:09:54,22.5667,59.5289,68.97,68,52,3.24
194,Grindavik,IS,2021-12-19 20:09:54,63.8424,-22.4338,45.07,100,90,12.66
195,Bosilegrad,RS,2021-12-19 20:09:55,42.5011,22.4724,27.37,89,75,6.26
196,Carnot,CF,2021-12-19 20:09:55,4.9409,15.8665,79.43,32,82,3.87
197,Nome,US,2021-12-19 20:09:55,64.5011,-165.4064,34.16,100,90,16.11
198,Asfi,MA,2021-12-19 20:09:56,32.2994,-9.2372,62.38,82,13,8.7
199,Vestmannaeyjar,IS,2021-12-19 20:09:56,63.4427,-20.2734,44.78,93,100,13.04
200,Airai,TL,2021-12-19 20:09:57,-8.9266,125.4092,62.24,94,100,0.72
201,Oulu,FI,2021-12-19 20:09:57,65.0124,25.4682,17.71,86,0,1.99
202,Toledo,ES,2021-12-19 20:09:57,39.8333,-4.0,52.09,79,71,6.87
203,Devesel,RO,2021-12-19 20:09:58,44.4689,22.6672,42.87,74,52,20.18
204,Karasjok,NO,2021-12-19 20:09:58,69.4719,25.5112,10.51,100,50,3.83
205,Mahebourg,MU,2021-12-19 20:09:58,-20.4081,57.7,79.25,83,40,5.75
206,Bafra,TR,2021-12-19 20:09:59,41.5678,35.9069,49.3,87,100,6.85
207,Castro,BR,2021-12-19 20:09:59,-24.7911,-50.0119,78.51,40,3,3.85
208,Balkanabat,TM,2021-12-19 20:09:59,39.5108,54.3671,52.12,72,0,2.68
209,Yekaterinovka,RU,2021-12-19 20:10:00,52.0508,44.3451,28.24,96,100,20.54
210,Tigzirt,DZ,2021-12-19 20:10:01,36.8886,4.1198,55.2,71,16,4.7
211,Broken Hill,AU,2021-12-19 20:10:01,-31.95,141.4333,56.98,43,94,16.33
212,Presidente Epitacio,BR,2021-12-19 20:10:02,-21.7633,-52.1156,87.22,45,2,12.21
213,Mahajanga,MG,2021-12-19 20:10:02,-15.7167,46.3167,83.39,71,18,11.86
214,Dolinsk,RU,2021-12-19 20:10:02,47.35,142.8,-2.34,87,74,3.76
215,Healdsburg,US,2021-12-19 20:05:41,38.6105,-122.8692,47.91,73,90,4.61
216,Mpanda,TZ,2021-12-19 20:10:03,-6.3655,31.0409,65.16,87,86,1.3
217,Itarema,BR,2021-12-19 20:10:03,-2.9248,-39.9167,83.08,67,81,15.32
218,Constitucion,CL,2021-12-19 20:10:04,-35.3333,-72.4167,69.91,60,26,17.65
219,Edd,ER,2021-12-19 20:10:04,13.9297,41.6925,80.64,60,8,17.05
220,Barcelos,PT,2021-12-19 20:10:05,41.5388,-8.6151,57.34,73,89,7.83
221,Grand Gaube,MU,2021-12-19 20:10:05,-20.0064,57.6608,79.38,75,4,6.13
222,Fredericksburg,US,2021-12-19 20:05:47,38.3032,-77.4605,47.37,52,1,3.0
223,Diebougou,BF,2021-12-19 20:10:05,10.9667,-3.25,80.6,15,7,6.49
224,Jurado,CO,2021-12-19 20:10:06,7.1053,-77.7641,81.19,83,88,7.16
225,Along,IN,2021-12-19 20:10:06,28.1667,94.7667,48.09,59,0,1.83
226,Ciudad Bolivar,VE,2021-12-19 20:10:06,8.1222,-63.5497,85.6,61,99,13.33
227,Codrington,AU,2021-12-19 20:10:07,-38.2667,141.9667,50.95,76,37,12.57
228,San Patricio,US,2021-12-19 20:11:07,28.017,-97.5169,55.29,46,100,10.2
229,Havre-Saint-Pierre,CA,2021-12-19 20:11:08,50.2334,-63.5986,20.52,55,100,5.01
230,Kahului,US,2021-12-19 20:11:08,20.8947,-156.47,77.85,81,40,12.66
231,Cleveland,US,2021-12-19 20:07:51,41.4995,-81.6954,34.9,74,90,9.22
232,Xining,CN,2021-12-19 20:11:08,36.6167,101.7667,22.77,40,16,2.71
233,Strezhevoy,RU,2021-12-19 20:11:09,60.7333,77.5889,-23.82,92,99,9.75
234,Jefferson City,US,2021-12-19 20:08:06,38.5767,-92.1735,40.12,53,1,0.0
235,Coihaique,CL,2021-12-19 20:11:09,-45.5752,-72.0662,75.81,35,0,6.91
236,Sembe,CG,2021-12-19 20:11:10,1.6481,14.5806,78.1,66,65,1.07
237,Bayji,IQ,2021-12-19 20:11:10,34.9311,43.487,56.7,46,3,7.36
238,Huntingdon,GB,2021-12-19 20:07:11,52.3305,-0.1865,43.79,99,100,11.14
239,Japura,ID,2021-12-19 20:11:10,-0.3167,102.35,73.62,97,100,0.29
240,Hofn,IS,2021-12-19 20:11:11,64.2539,-15.2082,40.89,82,100,5.73
241,Akdepe,TM,2021-12-19 20:11:11,42.0551,59.3788,42.8,83,14,6.89
242,Pacific Grove,US,2021-12-19 20:11:05,36.6177,-121.9166,56.66,74,75,7.0
243,San Antonio Del Norte,HN,2021-12-19 20:11:12,13.8844,-87.7031,94.37,45,75,4.23
244,Turbat,PK,2021-12-19 20:11:12,26.0023,63.044,65.82,75,100,1.95
245,Townsville,AU,2021-12-19 20:11:12,-19.25,146.8,77.88,73,98,8.05
246,Sampit,ID,2021-12-19 20:07:18,-2.5333,112.95,74.7,98,100,2.57
247,Coral Springs,US,2021-12-19 20:06:59,26.2712,-80.2706,88.02,73,20,4.0
248,Burnie,AU,2021-12-19 20:11:13,-41.0667,145.9167,53.94,91,89,22.28
249,Tuktoyaktuk,CA,2021-12-19 20:11:13,69.4541,-133.0374,-15.0,94,100,9.48
250,Meulaboh,ID,2021-12-19 20:11:13,4.1363,96.1285,75.22,90,97,8.61
251,Saldanha,ZA,2021-12-19 20:11:14,-33.0117,17.9442,66.56,79,100,6.62
252,Nioro,GM,2021-12-19 20:11:14,13.35,-15.75,85.62,19,99,13.24
253,Sept-Iles,CA,2021-12-19 20:08:02,50.2001,-66.3821,22.05,64,100,4.0
254,Odweyne,SO,2021-12-19 20:11:14,9.4092,45.064,68.18,68,6,3.67
255,Marawi,PH,2021-12-19 20:11:15,7.9986,124.2928,65.64,94,61,1.77
256,Severo-Kurilsk,RU,2021-12-19 20:11:15,50.6789,156.125,28.06,89,100,14.83
257,Akdagmadeni,TR,2021-12-19 20:11:15,39.6603,35.8836,36.3,90,100,7.25
258,Beyneu,KZ,2021-12-19 20:11:16,45.3167,55.2,38.8,89,100,7.7
259,Lalibela,ET,2021-12-19 20:11:16,12.0333,39.0333,60.4,69,28,5.26
260,Port Hardy,CA,2021-12-19 20:11:16,50.6996,-127.4199,37.76,77,10,6.6
261,Batagay-Alyta,RU,2021-12-19 20:11:17,67.8006,130.4114,-24.99,100,100,1.57
262,Opuwo,NA,2021-12-19 20:11:17,-18.0607,13.84,74.98,34,80,10.29
263,Yuryevets,RU,2021-12-19 20:11:18,57.3201,43.1041,20.8,93,100,12.88
264,Mporokoso,ZM,2021-12-19 20:11:18,-9.3727,30.125,61.38,90,97,2.33
265,Bara,NG,2021-12-19 20:11:18,10.3744,10.7288,71.08,31,12,8.75
266,Kupang,ID,2021-12-19 20:11:19,-10.1667,123.5833,80.19,85,100,4.07
267,Bandarbeyla,SO,2021-12-19 20:11:19,9.4942,50.8122,77.63,78,17,14.7
268,Alofi,NU,2021-12-19 20:11:19,-19.0595,-169.9187,82.29,74,75,13.8
269,Santa Rosa,PH,2021-12-19 20:11:20,14.3122,121.1114,75.11,94,77,7.0
270,Mendi,PG,2021-12-19 20:10:07,-6.1761,143.6513,51.4,97,100,3.11
271,Jibuti,DJ,2021-12-19 20:11:20,11.5,42.5,74.62,71,36,17.02
272,Panacan,PH,2021-12-19 20:11:21,9.2463,118.4082,78.4,84,97,3.98
273,Mount Gambier,AU,2021-12-19 20:11:21,-37.8333,140.7667,57.67,66,99,12.01
274,Torbay,CA,2021-12-19 20:09:28,47.6666,-52.7314,23.76,75,43,4.0
275,Stepnyak,KZ,2021-12-19 20:11:22,52.8339,70.7803,24.49,90,96,14.25
276,Hobyo,SO,2021-12-19 20:12:22,5.3505,48.5268,80.13,73,100,18.03
277,Penzance,GB,2021-12-19 20:12:22,50.1186,-5.5371,49.77,84,74,24.2
278,Nava,MX,2021-12-19 20:12:23,28.4167,-100.7667,43.9,33,92,5.37
279,Kirakira,SB,2021-12-19 20:12:23,-10.4544,161.9205,80.17,79,99,0.81
280,Carutapera,BR,2021-12-19 20:12:24,-1.195,-46.02,83.91,68,100,8.43
281,Asau,RO,2021-12-19 20:12:24,46.4333,26.4,38.32,89,24,6.53
282,Talaya,RU,2021-12-19 20:12:16,61.3833,152.75,-48.19,100,73,1.43
283,Vulcan,RO,2021-12-19 20:12:24,45.3833,23.2667,30.87,92,75,7.25
284,Port Blair,IN,2021-12-19 20:12:25,11.6667,92.75,79.21,76,90,8.34
285,Klaksvik,FO,2021-12-19 20:12:25,62.2266,-6.589,40.12,76,100,11.86
286,Ahipara,NZ,2021-12-19 20:12:26,-35.1667,173.1667,64.99,67,2,2.93
287,Ascension,US,2021-12-19 20:12:26,30.2169,-90.9001,51.8,82,90,8.05
288,Coquimbo,CL,2021-12-19 20:12:26,-29.9533,-71.3436,64.13,72,75,11.5
289,Isa Khel,AF,2021-12-19 20:12:27,36.6702,68.8443,50.81,28,64,2.04
290,Ondjiva,AO,2021-12-19 20:12:27,-17.0667,15.7333,81.19,21,9,5.84
291,Aripuana,BR,2021-12-19 20:12:28,-9.1667,-60.6333,76.53,97,100,2.1
292,Noumea,NC,2021-12-19 20:12:28,-22.2763,166.4572,79.0,99,80,6.71
293,Vila Franca Do Campo,PT,2021-12-19 20:12:29,37.7167,-25.4333,61.21,81,83,14.45
294,Tezu,IN,2021-12-19 20:12:29,27.9167,96.1667,57.88,49,0,3.71
295,Zhezkazgan,KZ,2021-12-19 20:12:30,47.8043,67.7144,31.24,90,100,6.49
296,Souillac,MU,2021-12-19 20:12:30,-20.5167,57.5167,79.36,83,40,5.75
297,Ponta Do Sol,PT,2021-12-19 20:12:31,32.6667,-17.1,69.01,90,98,15.61
298,Superior,US,2021-12-19 20:12:31,46.7208,-92.1041,24.49,76,75,13.8
299,Karratha,AU,2021-12-19 20:12:32,-20.7377,116.8463,90.18,33,12,7.56
300,Yurginskoye,RU,2021-12-19 20:12:32,56.8189,67.3921,19.18,96,100,7.7
301,Okha,RU,2021-12-19 20:12:33,53.5739,142.9478,-8.03,87,26,12.62
302,Senneterre,CA,2021-12-19 20:12:33,48.3835,-77.2328,8.98,63,6,4.54
303,Kailua,US,2021-12-19 20:12:33,21.4022,-157.7394,78.78,78,75,16.11
304,Fairhope,US,2021-12-19 20:12:34,30.523,-87.9033,60.55,79,90,12.66
305,Tucupita,VE,2021-12-19 20:12:34,9.0622,-62.051,78.4,95,88,5.82
306,Tura,IN,2021-12-19 20:12:34,25.5198,90.2201,52.52,58,0,2.93
307,Belyy Yar,RU,2021-12-19 20:12:34,53.6039,91.3903,14.86,81,40,4.47
308,Bilma,NE,2021-12-19 20:12:35,18.6853,12.9164,61.99,25,0,10.96
309,Lyantonde,UG,2021-12-19 20:12:35,-0.4031,31.1572,64.4,91,100,2.08
310,Berlevag,NO,2021-12-19 20:12:35,70.8578,29.0864,22.95,86,75,10.36
311,Lata,PT,2021-12-19 20:12:36,40.1629,-8.3327,59.92,64,100,10.33
312,Khandyga,RU,2021-12-19 20:12:36,62.6667,135.6,-36.69,93,100,2.68
313,Touros,BR,2021-12-19 20:12:36,-5.1989,-35.4608,85.1,70,98,11.61
314,Barabai,ID,2021-12-19 20:12:37,-2.5833,115.3833,73.99,98,100,1.25
315,Luderitz,NA,2021-12-19 20:12:37,-26.6481,15.1594,59.97,93,5,1.59
316,Roebourne,AU,2021-12-19 20:12:38,-20.7833,117.1333,91.9,27,11,8.03
317,Altay,CN,2021-12-19 20:12:38,47.8667,88.1167,19.98,59,60,7.23
318,Quchan,IR,2021-12-19 20:12:38,37.106,58.5095,42.17,59,2,4.61
319,Laguna,US,2021-12-19 20:12:39,38.421,-121.4238,52.95,83,90,1.01
320,Ambanja,MG,2021-12-19 20:12:39,-13.6833,48.45,78.22,89,100,1.63
321,Vallenar,CL,2021-12-19 20:12:39,-28.5708,-70.7581,82.63,35,100,9.66
322,Bairiki,KI,2021-12-19 20:13:40,1.3292,172.9752,82.4,74,40,14.97
323,Neka,IR,2021-12-19 20:13:40,36.6508,53.299,55.09,70,0,4.23
324,Mindelo,CV,2021-12-19 20:13:41,16.8901,-24.9804,71.15,78,75,16.11
325,San Quintin,MX,2021-12-19 20:13:41,30.4833,-115.95,63.39,39,0,6.78
326,Salym,RU,2021-12-19 20:13:41,60.0625,71.4789,1.69,95,100,12.06
327,Baghdad,IQ,2021-12-19 20:11:46,33.3406,44.4009,58.19,39,0,4.72
328,Merauke,ID,2021-12-19 20:13:42,-8.4667,140.3333,79.03,83,100,5.55
329,Morondava,MG,2021-12-19 20:13:42,-20.2833,44.2833,80.42,72,96,10.69
330,Yuanping,CN,2021-12-19 20:13:42,38.7153,112.7575,28.02,41,32,2.13
331,Moroni,KM,2021-12-19 20:13:43,-11.7022,43.2551,79.65,80,48,3.51
332,Aklavik,CA,2021-12-19 20:13:43,68.2191,-135.0107,-15.81,99,81,7.16
333,Banyo,CM,2021-12-19 20:13:43,6.75,11.8167,70.39,35,31,5.28
334,Bathsheba,BB,2021-12-19 20:13:44,13.2167,-59.5167,83.01,65,20,27.63
335,Duki,PK,2021-12-19 20:13:44,30.1541,68.5728,48.27,18,8,2.15
336,Ulaangom,MN,2021-12-19 20:13:45,49.9811,92.0667,-4.54,92,100,1.95
337,Kholtoson,RU,2021-12-19 20:13:45,50.2981,103.3097,4.1,86,9,4.14
338,Sorland,NO,2021-12-19 20:13:46,67.667,12.6934,39.06,57,100,27.13
339,Baruun-Urt,MN,2021-12-19 20:13:46,46.6806,113.2792,7.57,89,47,6.13
340,Port Macquarie,AU,2021-12-19 20:13:46,-31.4333,152.9167,71.56,85,87,2.64
341,Mulege,MX,2021-12-19 20:13:47,26.8833,-111.9833,68.05,35,0,8.37
342,Comodoro Rivadavia,AR,2021-12-19 20:11:06,-45.8667,-67.5,64.26,52,20,16.11
343,Igarka,RU,2021-12-19 20:13:47,67.4667,86.5833,-38.87,99,47,3.83
344,Muzhi,RU,2021-12-19 20:13:48,65.3667,64.6667,-17.37,94,100,11.92
345,Blackwater,AU,2021-12-19 20:13:48,-23.5833,148.8833,72.28,81,35,6.08
346,Severnoye,RU,2021-12-19 20:13:48,56.3491,78.3619,8.58,95,100,12.41
347,Ilebo,CD,2021-12-19 20:13:49,-4.3167,20.5833,75.76,88,100,1.03
348,Henties Bay,NA,2021-12-19 20:13:49,-22.116,14.2845,64.85,84,39,6.06
349,Mananum,PH,2021-12-19 20:13:50,8.8333,124.95,56.53,84,67,3.65
350,Northam,GB,2021-12-19 20:13:50,51.0333,-4.2167,43.3,89,39,10.2
351,San Luis,AR,2021-12-19 20:08:57,-33.295,-66.3356,95.2,25,9,9.06
352,Rafai,CF,2021-12-19 20:13:50,4.95,23.9167,76.37,41,98,2.64
353,Guerrero Negro,MX,2021-12-19 20:13:51,27.9769,-114.0611,65.79,27,0,3.49
354,Kirovsk,UA,2021-12-19 20:13:51,48.6375,38.6428,32.5,96,100,23.29
355,Lompoc,US,2021-12-19 20:13:51,34.6391,-120.4579,65.08,73,1,10.36
356,Bluffton,US,2021-12-19 20:11:39,32.2371,-80.8604,71.67,90,1,5.75
357,Coahuayana,MX,2021-12-19 20:13:52,18.7333,-103.6833,76.48,46,100,5.97
358,Sambava,MG,2021-12-19 20:13:52,-14.2667,50.1667,74.16,90,96,5.26
359,Alice Springs,AU,2021-12-19 20:13:53,-23.7,133.8833,72.95,31,1,8.05
360,Otsuchi,JP,2021-12-19 20:13:53,39.3667,141.9,33.48,70,27,6.29
361,Maceio,BR,2021-12-19 20:12:41,-9.6658,-35.7353,85.44,65,20,14.97
362,Te Anau,NZ,2021-12-19 20:13:53,-45.4167,167.7167,62.08,69,81,12.39
363,Leh,IN,2021-12-19 20:13:54,34.1667,77.5833,-0.02,37,0,3.36
364,Boca Do Acre,BR,2021-12-19 20:13:54,-8.7522,-67.3978,78.87,94,100,2.13
365,Okhotsk,RU,2021-12-19 20:14:54,59.3833,143.3,1.74,98,100,13.82
366,Bama,NG,2021-12-19 20:14:55,11.5221,13.6856,67.87,31,74,9.69
367,Andenes,NO,2021-12-19 20:14:55,69.3143,16.1194,35.58,69,20,12.66
368,Tiznit,MA,2021-12-19 20:14:56,29.5833,-9.5,61.88,49,0,8.37
369,Kondinskoye,RU,2021-12-19 20:14:56,59.6481,67.41,10.08,94,100,13.49
370,Campbellton,CA,2021-12-19 20:14:56,48.0075,-66.6727,24.01,85,100,1.61
371,Acajutla,SV,2021-12-19 20:14:57,13.5928,-89.8275,97.14,63,13,8.03
372,Lodwar,KE,2021-12-19 20:14:57,3.1191,35.5973,83.14,54,100,20.31
373,Cherdyn,RU,2021-12-19 20:14:57,60.403,56.4787,6.82,95,100,6.04
374,Kavaratti,IN,2021-12-19 20:14:58,10.5669,72.642,81.43,63,0,4.38
375,La Rioja,ES,2021-12-19 20:14:58,42.25,-2.5,28.18,85,14,6.4
376,Lapeer,US,2021-12-19 20:14:59,43.0514,-83.3188,29.55,68,90,4.61
377,Chapadinha,BR,2021-12-19 20:14:59,-3.7417,-43.3603,84.61,62,100,1.43
378,Zhigansk,RU,2021-12-19 20:15:00,66.7697,123.3711,-37.23,92,100,2.26
379,Kleive,NO,2021-12-19 20:15:00,62.7954,7.6359,43.12,93,75,6.91
380,Waddan,LY,2021-12-19 20:15:00,29.1614,16.139,48.58,52,2,6.49
381,Santa Lucia,ES,2021-12-19 20:15:01,27.9117,-15.5407,58.77,88,20,14.97
382,Dubbo,AU,2021-12-19 20:15:01,-32.25,148.6167,66.33,94,40,6.91
383,Ancud,CL,2021-12-19 20:15:01,-41.8697,-73.8203,72.93,68,53,6.29
384,Rawah,IQ,2021-12-19 20:15:02,34.4816,41.9093,54.63,46,47,9.71
385,Conakry,GN,2021-12-19 20:11:20,9.538,-13.6773,80.37,72,4,9.28
386,Auki,SB,2021-12-19 20:15:02,-8.7676,160.7034,77.85,85,100,3.18
387,Pyapon,MM,2021-12-19 20:15:03,16.2833,95.6833,70.03,82,2,4.23
388,Khomeyn,IR,2021-12-19 20:15:03,33.6423,50.0789,41.83,77,48,3.69
389,Krasnorechenskiy,RU,2021-12-19 20:15:03,44.6265,135.3532,-2.47,93,25,3.29
390,Mecca,SA,2021-12-19 20:10:57,21.4267,39.8261,72.3,67,100,6.04
391,Tshikapa,CD,2021-12-19 20:15:04,-6.4167,20.8,72.32,95,100,1.95
392,Riyadh,SA,2021-12-19 20:15:04,24.6877,46.7219,68.14,40,100,11.16
393,Wyndham,US,2021-12-19 20:15:04,37.6985,-77.6125,46.49,73,1,1.01
394,Rock Sound,BS,2021-12-19 20:14:10,24.9,-76.2,79.0,70,1,11.83
395,Yar-Sale,RU,2021-12-19 20:15:05,66.8333,70.8333,-25.74,100,100,7.81
396,Margate,GB,2021-12-19 20:15:05,51.3813,1.3862,44.31,97,100,4.0
397,Do Gonbadan,IR,2021-12-19 20:15:06,30.3586,50.7981,57.29,94,75,0.0
398,Kalmunai,LK,2021-12-19 20:15:06,7.4167,81.8167,75.83,81,33,8.95
399,San Ramon,US,2021-12-19 20:12:07,37.7799,-121.978,53.11,83,90,0.0
400,Salamiyah,SY,2021-12-19 20:10:14,35.0113,37.0532,49.35,63,1,11.01
401,Faanui,PF,2021-12-19 20:15:06,-16.4833,-151.75,79.75,77,26,8.32
402,Oktyabrskiy,RU,2021-12-19 20:15:07,54.4815,53.471,19.74,95,100,6.69
403,Teya,RU,2021-12-19 20:15:07,60.3778,92.6267,-36.27,99,25,1.7
404,Kaya,BF,2021-12-19 20:15:08,13.0917,-1.0844,73.36,15,2,9.55
405,Kitob,UZ,2021-12-19 20:15:08,39.0843,66.8332,43.38,51,97,4.21
406,Otane,NZ,2021-12-19 20:15:08,-39.8833,176.6333,68.38,53,0,2.66
407,Sioux Lookout,CA,2021-12-19 20:15:09,50.1001,-91.917,14.38,84,100,14.56
408,Abingdon,GB,2021-12-19 20:14:43,51.6711,-1.2828,41.43,97,90,8.05
409,Ormara,PK,2021-12-19 20:15:09,25.2088,64.6357,71.28,69,93,7.65
410,Lere,NG,2021-12-19 20:15:10,10.387,8.5726,67.96,31,17,8.77
411,Half Moon Bay,US,2021-12-19 20:14:49,37.4636,-122.4286,55.06,78,90,1.99
412,Peniche,PT,2021-12-19 20:16:10,39.3558,-9.3811,61.88,68,100,21.25
413,Luce,FR,2021-12-19 20:16:11,48.4369,1.4636,40.69,94,34,8.01
414,Joshimath,IN,2021-12-19 20:16:12,30.5667,79.5667,35.67,26,0,10.27
415,Sri Aman,MY,2021-12-19 20:16:12,1.2376,111.4621,73.45,94,100,0.0
416,Itoman,JP,2021-12-19 20:11:20,26.1247,127.6694,57.22,62,75,3.44
417,Saint-Georges,GD,2021-12-19 20:15:49,12.0564,-61.7485,83.88,65,40,17.27
418,Tymovskoye,RU,2021-12-19 20:16:13,50.8456,142.655,-11.36,97,34,3.58
419,Santa Luzia,BR,2021-12-19 20:15:57,-19.7697,-43.8514,77.14,69,75,17.27
420,Poso,ID,2021-12-19 20:16:13,-1.3959,120.7524,76.73,85,97,3.04
421,Vangaindrano,MG,2021-12-19 20:16:14,-23.35,47.6,69.48,81,100,7.23
422,Qarchi Gak,AF,2021-12-19 20:16:15,37.04,66.7889,53.69,34,66,8.99
423,Dodola,ET,2021-12-19 20:16:15,6.9833,39.1833,54.19,87,66,2.71
424,Mount Pleasant,US,2021-12-19 20:13:36,32.7941,-79.8626,71.1,90,40,1.01
425,Chimbote,PE,2021-12-19 20:16:16,-9.0853,-78.5783,71.69,75,86,10.51
426,Manta,EC,2021-12-19 20:16:16,-0.95,-80.7333,76.78,88,90,3.44
427,Shimoda,JP,2021-12-19 20:16:16,34.6667,138.95,40.1,76,3,12.95
428,Nata,PA,2021-12-19 20:16:17,8.3333,-80.5167,80.47,65,95,1.14
429,Khatanga,RU,2021-12-19 20:16:17,71.9667,102.5,-13.14,98,100,11.36
430,Quimper,FR,2021-12-19 20:16:17,48.0,-4.1,42.87,93,90,4.61
431,Bandar-E Lengeh,IR,2021-12-19 20:16:18,26.5579,54.8807,72.39,65,100,8.88
432,Marzuq,YE,2021-12-19 20:16:18,14.4,46.4667,63.36,64,76,2.8
433,Arizona,US,2021-12-19 20:16:19,34.5003,-111.501,49.55,34,0,6.73
434,Hamilton,US,2021-12-19 20:12:49,39.1834,-84.5333,39.63,69,90,1.99
435,Magdalena,PH,2021-12-19 20:16:19,14.1999,121.429,76.32,93,56,4.9
436,Guiyang,CN,2021-12-19 20:16:20,26.5833,106.7167,39.69,87,75,2.24
437,Bosobolo,CD,2021-12-19 20:16:20,4.1833,19.9,79.11,55,83,2.19
438,Camacha,PT,2021-12-19 20:16:21,33.0833,-16.3333,65.53,82,40,18.41
439,Vila Velha,BR,2021-12-19 20:16:21,-20.3297,-40.2925,71.55,91,90,5.99
440,Arman,RU,2021-12-19 20:16:21,59.7,150.1667,-7.29,80,100,11.3
441,Cortez,US,2021-12-19 20:16:03,37.3489,-108.5859,42.42,48,1,0.0
442,Christchurch,NZ,2021-12-19 20:16:22,-43.5333,172.6333,75.4,35,72,11.5
443,Severnyy,RU,2021-12-19 20:16:22,50.677,36.5532,32.04,100,90,6.71
444,Lyubim,RU,2021-12-19 20:16:23,58.3625,40.6843,19.24,93,100,11.32
445,Flums,CH,2021-12-19 20:16:23,47.0906,9.343,40.55,96,2,5.5
446,Ampanihy,MG,2021-12-19 20:16:24,-24.7,44.75,65.21,70,100,11.27
447,Xapuri,BR,2021-12-19 20:16:24,-10.6517,-68.5044,81.64,77,99,3.56
448,Guabito,PA,2021-12-19 20:16:25,9.5,-82.6167,84.09,73,28,7.54
449,Umm Lajj,SA,2021-12-19 20:16:25,25.0213,37.2685,68.54,56,96,9.01
450,Taraz,KZ,2021-12-19 20:16:25,42.9,71.3667,48.61,66,90,15.66
451,Kendari,ID,2021-12-19 20:16:26,-3.945,122.4989,77.0,87,92,2.13
452,Port Augusta,AU,2021-12-19 20:16:26,-32.5,137.7667,55.54,64,3,8.86
453,Lagoa,PT,2021-12-19 20:16:27,39.05,-27.9833,60.13,66,60,14.03
454,Clyde River,CA,2021-12-19 20:16:27,70.4692,-68.5914,-3.32,98,100,3.22
455,Plast,RU,2021-12-19 20:16:28,54.3691,60.8136,25.65,87,94,14.12
456,Karaton,ID,2021-12-19 20:17:28,-6.3424,106.1045,79.95,93,100,3.11
457,Salinopolis,BR,2021-12-19 20:17:29,-0.6136,-47.3561,82.17,78,100,10.94
458,Nishihara,JP,2021-12-19 20:17:29,26.1842,127.7558,58.28,63,20,0.0
459,Srednekolymsk,RU,2021-12-19 20:17:29,67.45,153.6833,-29.67,97,100,18.1
460,Two Hills,CA,2021-12-19 20:17:30,53.7169,-111.7518,9.48,100,70,21.85
461,La Ronge,CA,2021-12-19 20:17:30,55.1001,-105.2842,-3.75,71,75,10.36
462,Isangel,VU,2021-12-19 20:17:30,-19.55,169.2667,82.51,89,75,3.44
463,Aksu,CN,2021-12-19 20:17:31,41.1231,80.2644,23.65,56,100,3.29
464,Susa,TN,2021-12-19 20:14:45,35.8254,10.637,51.58,76,20,3.44
465,Bayir,TR,2021-12-19 20:17:32,37.2687,28.2167,39.72,94,22,2.89
466,Cotonou,BJ,2021-12-19 20:17:32,6.3654,2.4183,82.38,61,20,6.91
467,Rio Gallegos,AR,2021-12-19 20:14:06,-51.6226,-69.2181,60.85,18,40,37.98
468,Nortelandia,BR,2021-12-19 20:17:32,-14.4547,-56.8028,83.34,83,100,2.77
469,Kemi,FI,2021-12-19 20:17:33,65.8596,24.8228,15.57,86,0,6.91
470,Erenhot,CN,2021-12-19 20:17:33,43.6475,111.9767,21.07,58,72,14.65
471,Pietarsaari,FI,2021-12-19 20:17:34,63.65,22.6833,25.9,88,18,7.31
472,Chapais,CA,2021-12-19 20:17:34,49.7834,-74.8492,2.98,83,96,5.55
473,Jojoima,SL,2021-12-19 20:17:34,7.8792,-10.7878,76.96,61,10,2.86
474,San Carlos,VE,2021-12-19 20:17:35,9.6612,-68.5827,84.74,57,97,6.08
475,Alattyan,HU,2021-12-19 20:17:35,47.4271,20.0422,41.65,85,7,18.39
476,Kannangad,IN,2021-12-19 20:17:35,12.3081,75.1063,72.79,64,1,5.41
477,Umm Kaddadah,SD,2021-12-19 20:17:36,13.6017,26.6876,64.63,25,0,11.79
478,Kamina,CD,2021-12-19 20:17:36,-8.7386,24.9906,64.67,92,91,0.54
479,Kuopio,FI,2021-12-19 20:17:37,62.8924,27.677,15.75,79,75,6.91
480,Soyo,AO,2021-12-19 20:17:37,-6.1349,12.3689,78.73,87,38,9.98
481,Pathein,MM,2021-12-19 20:17:37,16.7833,94.7333,69.31,92,21,4.34
482,Rabo De Peixe,PT,2021-12-19 20:17:38,37.8,-25.5833,60.31,98,40,13.8
483,Sao Joao Da Barra,BR,2021-12-19 20:17:38,-21.6403,-41.0511,77.09,78,90,13.82
484,Mayachnyy,RU,2021-12-19 20:17:39,52.6839,55.685,18.95,96,100,9.84
485,Isla Vista,US,2021-12-19 20:17:39,34.4133,-119.861,70.25,63,1,5.75
486,Bouza,NE,2021-12-19 20:17:40,14.4229,6.0428,69.01,16,93,13.29
487,Buin,CL,2021-12-19 20:17:40,-33.7333,-70.75,93.52,15,0,14.38
488,Petrovsk,RU,2021-12-19 20:17:40,52.3064,45.3917,29.23,96,100,19.08
489,Papar,MY,2021-12-19 20:17:41,5.7333,115.9333,77.0,90,99,4.68
490,Kutum,SD,2021-12-19 20:17:41,14.2,24.6667,63.95,28,0,7.54
491,Kanye,BW,2021-12-19 20:17:42,-24.9667,25.3327,61.32,75,97,12.55
492,Tokuyama,JP,2021-12-19 20:17:42,34.05,131.8167,38.91,72,70,3.78
493,Lodja,CD,2021-12-19 20:17:43,-3.4833,23.4333,70.23,96,100,0.51
494,Sijunjung,ID,2021-12-19 20:17:43,-0.6876,100.9537,71.29,91,100,1.63
495,Idar-Oberstein,DE,2021-12-19 20:17:43,49.7,7.3,42.04,81,53,5.01
496,Eyemouth,GB,2021-12-19 20:17:44,55.8713,-2.0901,42.84,83,100,7.05
497,Bokoro,TD,2021-12-19 20:17:44,12.3807,17.0568,73.71,23,0,13.56
498,Shemonaikha,KZ,2021-12-19 20:17:45,50.6328,81.9056,23.9,95,100,12.06
499,Bom Jesus,BR,2021-12-19 20:17:45,-9.0744,-44.3586,81.95,73,95,3.44
500,Price,US,2021-12-19 20:17:45,39.5994,-110.8107,35.73,47,1,0.0
501,Caravelas,BR,2021-12-19 20:17:45,-17.7125,-39.2481,74.98,90,100,7.76
502,Urucara,BR,2021-12-19 20:17:46,-2.5364,-57.76,84.56,81,93,1.99
503,Gunnaur,IN,2021-12-19 20:17:46,28.25,78.4333,48.24,23,0,7.23
504,Dingle,PH,2021-12-19 20:17:47,10.9995,122.6711,75.22,92,41,6.93
505,Miandrivazo,MG,2021-12-19 20:18:47,-19.5167,45.4667,78.87,79,14,2.19
506,Samarai,PG,2021-12-19 20:18:48,-10.6167,150.6667,80.91,77,100,7.61
507,Griffith,US,2021-12-19 20:18:01,41.5284,-87.4237,38.08,67,90,1.01
508,Savannah Bight,HN,2021-12-19 20:18:48,16.45,-85.85,86.05,79,0,18.28
509,Hervey Bay,AU,2021-12-19 20:18:48,-25.2986,152.8535,73.51,75,22,4.81
510,Beaverlodge,CA,2021-12-19 20:15:20,55.2166,-119.4361,2.55,87,9,3.04
511,Reconquista,AR,2021-12-19 20:18:49,-29.15,-59.65,103.44,17,87,3.11
512,Georgiyevka,KZ,2021-12-19 20:18:49,43.0369,74.7114,39.24,75,40,6.71
513,Chernyshevskiy,RU,2021-12-19 20:18:50,63.0128,112.4714,-46.39,100,87,2.57
514,Nouakchott,MR,2021-12-19 20:18:50,18.0858,-15.9785,73.33,43,100,9.98
515,Biloela,AU,2021-12-19 20:18:50,-24.4167,150.5,70.65,87,5,2.06
516,Libertad,PH,2021-12-19 20:18:50,8.9442,125.5019,73.24,94,35,4.32
517,Kathu,TH,2021-12-19 20:18:51,7.9178,98.3332,76.82,80,91,15.14
518,Waiouru,NZ,2021-12-19 20:18:51,-39.4833,175.6667,62.46,42,0,5.35
519,Miyako,JP,2021-12-19 20:18:52,39.6367,141.9525,33.35,66,23,4.74
520,Wattegama,LK,2021-12-19 20:18:52,6.7989,81.4808,70.99,87,46,5.21
521,Muros,ES,2021-12-19 20:18:52,42.7762,-9.0603,54.1,90,21,8.1
522,Nanortalik,GL,2021-12-19 20:18:53,60.1432,-45.2371,39.69,68,100,29.71
523,Orito,CO,2021-12-19 20:18:53,0.6766,-76.8771,85.59,58,100,3.47
524,Manado,ID,2021-12-19 20:18:54,1.487,124.8455,72.37,100,20,1.14
525,Karaman,TR,2021-12-19 20:18:54,37.0833,33.25,35.6,97,93,12.66
526,Namatanai,PG,2021-12-19 20:18:55,-3.6667,152.4333,78.94,82,84,0.65
527,Bauchi,NG,2021-12-19 20:18:55,10.5,10.0,65.8,37,11,6.02
528,Wajir,KE,2021-12-19 20:18:55,1.7471,40.0573,83.57,58,99,8.28
529,Labuhan,ID,2021-12-19 20:18:56,-6.8844,112.2051,80.17,83,100,3.53
530,Akureyri,IS,2021-12-19 20:18:56,65.6835,-18.0878,42.73,75,75,6.91
531,Betare Oya,CM,2021-12-19 20:18:56,5.6,14.0833,78.1,32,14,4.12
532,Pula,HR,2021-12-19 20:18:04,44.8683,13.8481,45.46,93,75,5.75
533,Cocobeach,GA,2021-12-19 20:18:57,1.0002,9.5823,81.03,82,100,5.88
534,Parabel,RU,2021-12-19 20:18:57,58.6978,81.4825,-12.21,92,100,9.53
535,Tilichiki,RU,2021-12-19 20:18:58,60.4667,166.1,-19.37,97,58,6.38
536,Wloszczowa,PL,2021-12-19 20:18:58,50.8526,19.9659,37.4,77,90,14.81
537,Tawau,MY,2021-12-19 20:18:58,4.2498,117.8871,78.93,86,100,5.97
538,Lauchhammer,DE,2021-12-19 20:18:59,51.5,13.8,43.29,83,91,11.65
539,Aktash,RU,2021-12-19 20:18:59,50.3,87.7333,9.1,74,100,4.88
540,Santa Cruz,BO,2021-12-19 20:18:59,-17.8,-63.1667,86.05,58,40,11.5
541,Khuzhir,RU,2021-12-19 20:19:00,53.1939,107.3397,2.82,75,43,14.97
542,Rakaia,NZ,2021-12-19 20:19:00,-43.75,172.0167,74.21,57,47,12.46
543,Nikel,RU,2021-12-19 20:19:00,69.4128,30.222,17.78,98,98,3.22
544,Vrangel,RU,2021-12-19 20:19:01,42.7297,133.0839,22.84,59,32,4.68
545,Port Victoria,KE,2021-12-19 20:19:01,0.0939,33.9756,70.93,76,100,2.53
546,San Cristobal,VE,2021-12-19 20:19:01,7.7669,-72.225,77.18,43,51,2.3
547,Russell,US,2021-12-19 20:15:29,32.3502,-85.1999,64.0,72,20,16.11
548,Kapit,MY,2021-12-19 20:19:02,2.0167,112.9333,72.82,99,100,3.31
549,Westport,US,2021-12-19 20:19:02,41.1415,-73.3579,39.79,60,1,3.0
550,Seoul,KR,2021-12-19 20:16:45,37.5683,126.9778,42.24,80,40,6.91
551,Aksha,RU,2021-12-19 20:20:03,50.2814,113.2867,13.95,53,9,18.37
552,San Pietro In Casale,IT,2021-12-19 20:20:04,44.6996,11.4022,45.52,74,0,7.49
553,The Valley,AI,2021-12-19 20:16:45,18.217,-63.0578,82.54,65,40,17.27
554,Rodrigues Alves,BR,2021-12-19 20:20:04,-7.738,-72.6509,88.0,52,63,2.13
555,Ust-Tsilma,RU,2021-12-19 20:20:04,65.441,52.1498,-1.16,96,100,5.7
556,Mananjary,MG,2021-12-19 20:20:05,-21.2167,48.3333,71.89,92,100,10.69
557,Oriximina,BR,2021-12-19 20:20:05,-1.7656,-55.8661,89.85,51,86,3.65
558,Roma,US,2021-12-19 20:17:54,43.2128,-75.4557,28.67,81,75,10.36
559,Avera,US,2021-12-19 20:20:05,33.194,-82.5271,67.44,76,99,8.97
560,Mandurah,AU,2021-12-19 20:20:06,-32.55,115.7,58.91,71,12,9.51
561,Savinka,RU,2021-12-19 20:20:06,50.0785,47.0994,31.28,80,98,23.29
562,Coxim,BR,2021-12-19 20:20:07,-18.5067,-54.76,86.76,68,100,1.92
563,Suhut,TR,2021-12-19 20:20:07,38.5311,30.5458,22.44,99,91,2.39
564,Svetlogorsk,BY,2021-12-19 20:20:07,52.6333,29.7333,31.82,86,92,11.21
565,Yeppoon,AU,2021-12-19 20:20:08,-23.1333,150.7333,74.98,75,18,6.29
566,Nhamunda,BR,2021-12-19 20:20:08,-2.1861,-56.7131,88.05,59,92,2.15
567,Can Tho,VN,2021-12-19 20:18:12,10.0333,105.7833,73.38,88,75,1.14
568,Sarti,GR,2021-12-19 20:20:09,40.1,23.9833,43.77,61,5,6.44
569,Ketchikan,US,2021-12-19 20:20:10,55.3422,-131.6461,28.87,80,40,8.05
570,Kirkwall,GB,2021-12-19 20:20:11,58.9848,-2.9587,43.14,87,90,4.61
571,Lorengau,PG,2021-12-19 20:20:11,-2.0226,147.2712,81.23,83,36,10.71
572,Petropavlovsk-Kamchatskiy,RU,2021-12-19 20:20:11,53.0452,158.6483,5.59,72,75,4.47
573,Terrace,CA,2021-12-19 20:20:12,54.5163,-128.6035,10.31,78,75,24.16
574,Syasstroy,RU,2021-12-19 20:20:12,60.1367,32.5691,16.09,87,100,14.99
575,Havoysund,NO,2021-12-19 20:20:12,70.9963,24.6622,20.28,72,100,13.29
576,Goya,AR,2021-12-19 20:20:13,-29.14,-59.2626,103.78,17,76,5.37
577,Guaymas,MX,2021-12-19 20:17:24,27.9333,-110.9,70.88,94,1,14.97
578,Yanam,IN,2021-12-19 20:20:13,16.7333,82.2167,67.24,77,0,2.66
579,Chinhoyi,ZW,2021-12-19 20:20:14,-17.3667,30.2,65.32,83,99,4.47
